song_name,artist_name,popularity_score,mv_view_count,mv_like_count,mv_comment_count,cluster
Dirty Work,aespa,0.5857142857142857,0.033776951422438764,0.07372797722107048,0.09471725819039883,0
Whiplash,aespa,0.6571428571428571,0.1128720680490826,0.13919920664952476,0.11055318599727017,0
FAMOUS,ALLDAY PROJECT,0.6428571428571429,0.02293809588696163,0.0,0.04412898135510052,0
WICKED,ALLDAY PROJECT,0.6,0.011025488994923024,0.0,0.01001342997721896,0
DRIP,BABYMONSTER,0.6714285714285714,0.1477892057352079,0.17180694945305064,0.1543290673166954,0
MUSIC (Feat. LEE CHANHYUK),BIG Naughty,0.2857142857142857,0.0007737801401338382,0.0013743767982530622,0.0013503032398754652,2
JUMP,BLACKPINK,0.8714285714285713,0.13110593419942043,0.3587078830222894,0.5535171807519083,0
"IF I SAY, I LOVE YOU",BOYNEXTDOOR,0.5142857142857142,0.020014767244126916,0.026894701624193433,0.022437680887669138,2
Never Loved This Way Before,BOYNEXTDOOR,0.41428571428571426,0.007808420102610415,0.004207837568952769,0.001932309505574719,2
A Sleepless Night,CNBLUE,0.24285714285714288,0.0032981286359538182,0.003507178295681226,0.0043431304388059375,2
GO!,CORTIS,0.7857142857142857,0.013737061587207002,0.058369326639960147,0.05912112183534093,0
Stitching,DAVICHI,0.0,0.000260226094181438,0.0004799686942678794,0.0004164145248308468,2
Maybe Tomorrow,DAY6,0.30000000000000004,0.005445451990919054,0.004419257868974919,0.005146737416549677,2
body,DAYOUNG,0.6,0.0027703149248501056,0.008433925999650394,0.007429711785139845,0
Memory,DOYOUNG,0.4285714285714286,0.0005244128222313333,0.00368267626465001,0.0063144027069379285,2
Take Care,Dynamicduo,0.09999999999999998,0.0009864228378241642,0.000511429703561392,0.0003275307227470695,2
TOO BAD,G-DRAGON,0.5571428571428572,0.027170187635518258,0.04432242053473402,0.0668917577928569,0
Skrr (feat. GISELLE),HAON,0.44285714285714284,0.01135180833968745,0.005555736132864883,0.0,2
Endless Ending,BEAST (HIGHLIGHT),0.05714285714285716,0.0,0.00021205763170212925,0.00021429519406499718,2
Golden,HUNTR/X,0.9999999999999999,0.36781625675387153,0.2740520429985667,0.17731100929383645,0
Cherish (My Love),ILLIT,0.6428571428571429,0.024297824373973854,0.036518699688095665,0.044136286873080015,0
REBEL HEART,IVE,0.5571428571428572,0.02539532431827254,0.04286426359018553,0.0513626617411241,0
MONA LISA,j-hope,0.7000000000000001,0.03160156520137693,0.11196405402973522,0.17355962581136908,0
like JENNIE,JENNIE,0.8428571428571429,0.09511886009091615,0.2237019132523215,0.24092015434124317,0
ZEN,JENNIE,0.5857142857142857,0.03143989848970089,0.12939113560859583,0.17668516992026026,0
ExtraL (feat. Doechii),JENNIE,0.6857142857142856,0.04791673109132541,0.13905024485414055,0.13273030341033754,0
earthquake,JISOO,0.6571428571428571,0.04379948066518068,0.18708639708811267,0.22488941272158547,0
Wait On Me,KAI,0.48571428571428577,0.006272745412547755,0.016390027057047386,0.041349231763905134,2
UP - KARINA Solo,aespa,0.6285714285714287,0.044633858964576875,0.027800639637661873,0.10562317894744531,0
HUNTER,KEY,0.34285714285714286,0.002445962986921152,0.004012408500173731,0.006645586188674742,2
HOT,LE SSERAFIM,0.6285714285714287,0.03229365899700492,0.03662119421008503,0.03721917893283428,0
Vivid LaLa Love,LEE CHANHYUK,0.2857142857142857,0.0013185816969010476,0.0031746649764630513,0.004770503240606017,2
Coming Of Age Story,LEE MU JIN,0.3857142857142857,0.0034120846944510007,0.0018071250089588555,0.0021344288363405683,2
1999,MARK,0.4571428571428572,0.003215045234332556,0.015677200542612603,0.02207484016135454,2
Fraktsiya,MARK,0.27142857142857146,0.0019227531092489347,0.017466016750582968,0.014053381419876122,2
DROP TOP,MEOVV,0.5,0.013576194840578901,0.0,0.013696628625211097,2
HER,MINNIE,0.44285714285714284,0.01724096382616287,0.02764420367984883,0.017545419014071643,2
Everlasting,N.Flying,0.24285714285714288,0.0031546425708513723,0.001740263121804687,0.00210155400543287,2
When I'm With You,NCT DREAM,0.30000000000000004,0.0071088011026323545,0.02972063029322066,0.05170845625881989,2
poppop,NCT WISH,0.48571428571428577,0.004960899098597863,0.01221979205721338,0.013656448276323912,2
HERO (From the Film ″Firefighters″),Park Hyo Shin,0.11428571428571432,0.000723855866093232,0.0019889383554837956,0.005098033963353087,2
Life Is A Movie (Feat. Jung Zi So),pH-1,0.2142857142857143,0.000539712672482441,0.0012806311020525033,0.0007013297260308999,2
Dash,PLAVE,0.4714285714285714,0.005816098159763309,0.01032390412700653,0.025022616666078166,2
Dear,QWER,0.37142857142857144,0.01006589195908963,0.018118296755419736,0.010845041440550738,2
Fly Up,RIIZE,0.3285714285714286,0.023431158839738016,0.011312927015846788,0.031178733150127175,2
toxic till the end,ROSÉ,0.7285714285714285,0.05519104657613814,0.14893045025339438,0.1368676617593879,0
APT.,ROSÉ,0.8428571428571429,1.0000000000000002,1.0,0.9999999999999999,1
If You Ask Me What Love Is,Roy Kim,0.3571428571428571,0.004187551446772362,0.0015055512458414832,0.0012102808119352681,2
Soda Pop,Saja Boys,0.9142857142857143,0.23081279579108208,0.11633678668607167,0.07640354220215098,0
THUNDER,SEVENTEEN,0.6,0.03323674954942845,0.06091691518256742,0.16421952107459298,0
Stop The Rain (TABLO X RM),TABLO,0.6,0.003339508268917562,0.02372287567066847,0.058992057684369964,0
Letter To Myself,TAEYEON,0.37142857142857144,0.0022563629712110374,0.008132062540314849,0.0064641658255174435,2
YELLOW,TREASURE,0.2571428571428571,0.033809711720182836,0.04364441550572355,0.4189300581884507,2
Countdown!,TWS,0.5,0.011285411240708735,0.008743495378389322,0.00958605717541888,2
When the Day Comes,TOMORROW X TOGETHER,0.5,0.001101674516946535,0.0033831883143034783,0.001441622214619072,2
Winter Ahead (with PARK HYO SHIN),V,0.7714285714285715,0.011228149419824982,0.09725930575228342,0.19875392214996523,0
Beautiful Life,Xdinary Heroes,0.34285714285714286,0.004635403233704109,0.007209090389217877,0.00963476062861547,2
Doctor! Doctor!,ZEROBASEONE,0.4285714285714286,0.004226253617469035,0.014134162606139623,0.02286870644845896,2
